Date,Open,High,Low,Close,Adj Close,Volume,%K,%D,MACD,Signal,SMAV_50,EMAV_50,BB_U_50,BB_L_50
2023-01-03,130.27999877929688,130.89999389648438,124.16999816894531,125.06999969482422,124.21630096435547,112117500,,,0.0,0.0,,124.21630096435547,,
2023-01-04,126.88999938964844,128.66000366210938,125.08000183105469,126.36000061035156,125.49750518798828,89113600,,,0.10220432553195735,0.02044086510639147,,124.26654426724303,,
2023-01-05,127.12999725341797,127.7699966430664,124.76000213623047,125.0199966430664,124.16664123535156,80962700,,,0.07494843249872929,0.03134237858485903,,124.2626265012865,,
2023-01-06,126.01000213623047,130.2899932861328,124.88999938964844,129.6199951171875,128.7352294921875,87754700,,,0.41718577402942003,0.10851105767377124,,124.43802269700812,,
2023-01-09,130.47000122070312,133.41000366210938,129.88999938964844,130.14999389648438,129.2616424560547,70790800,,,0.7225592464314303,0.23132069542530306,,124.62718425618642,,
2023-01-10,130.25999450683594,131.25999450683594,128.1199951171875,130.72999572753906,129.83766174316406,63896200,,,0.9995279300892292,0.38496214235808834,,124.83151670665615,,
2023-01-11,131.25,133.50999450683594,130.4600067138672,133.49000549316406,132.57884216308594,69458900,,,1.4238052179620126,0.5927307574788733,,125.13533339122202,,
2023-01-12,133.8800048828125,134.25999450683594,131.44000244140625,133.41000366210938,132.49937438964844,71379600,,,1.7336511884375625,0.8209148436706112,,125.42411931272895,,
2023-01-13,132.02999877929688,134.9199981689453,131.66000366210938,134.75999450683594,133.8401641845703,57809700,,,2.06360888469068,1.069453651874625,,125.75416028809528,,
2023-01-17,134.8300018310547,137.2899932861328,134.1300048828125,135.94000244140625,135.01210021972656,63646600,,,2.3920936137938753,1.333981644258475,,126.11721675600239,,
2023-01-18,136.82000732421875,138.61000061035156,135.02999877929688,135.2100067138672,134.28707885742188,69672800,,,2.5643566562544606,1.5800566466576722,,126.43760350507767,,
2023-01-19,134.0800018310547,136.25,133.77000427246094,135.27000427246094,134.3466796875,58280400,,,2.67485162290356,1.79901564190685,,126.74776335536875,,
2023-01-20,135.27999877929688,138.02000427246094,134.22000122070312,137.8699951171875,136.92892456054688,80223600,,,2.936930157895574,2.0265985451045947,,127.14702457910123,,
2023-01-23,138.1199951171875,143.32000732421875,137.89999389648438,141.11000061035156,140.14682006835938,81760300,83.42983948399024,,3.3654912710293843,2.2943770902895526,,127.65682048064076,,
2023-01-24,140.30999755859375,143.16000366210938,140.3000030517578,142.52999877929688,141.55712890625,66435100,90.50173531681092,,3.7754086171508163,2.5905833956618056,,128.20193061497838,,
2023-01-25,140.88999938964844,142.42999267578125,138.80999755859375,141.86000061035156,140.89170837402344,65799300,86.91649638241013,86.94935706107043,4.000462351659223,2.8725591868612894,,128.69956895847034,,
2023-01-26,143.1699981689453,144.25,141.89999389648438,143.9600067138672,142.9773712158203,54105100,93.4265044211867,90.28157870680259,4.297574850671992,3.15756231962343,,129.25948277248406,,
2023-01-27,143.16000366210938,147.22999572753906,143.0800018310547,145.92999267578125,144.9339141845703,70555800,87.98492166596267,89.4426408231865,4.6374575884236435,3.453541373383473,,129.87416635727178,,
2023-01-30,144.9600067138672,145.5500030517578,142.85000610351562,143.0,142.02392578125,64015300,72.75735332279883,84.72292646998274,4.618763136101819,3.6865857259271424,,130.35062751115328,,
2023-01-31,142.6999969482422,144.33999633789062,142.27999877929688,144.2899932861328,143.3050994873047,65874500,76.59571370598651,79.11266289824934,4.653682899169127,3.8800051605755397,,130.85864602002195,,
2023-02-01,143.97000122070312,146.61000061035156,141.32000732421875,145.42999267578125,144.43731689453125,77663600,82.31361608329235,77.2222277040259,4.718327601873341,4.0476696488351,,131.39114291706153,,
2023-02-02,148.89999389648438,151.17999267578125,148.1699981689453,150.82000732421875,149.79054260253906,118339000,92.88191160215811,83.93041379714565,5.1422429940681695,4.266584317881715,,132.11268800276653,,
2023-02-03,148.02999877929688,157.3800048828125,147.8300018310547,154.5,153.44541931152344,154357300,83.33508907422906,86.1768722532265,5.707326494720206,4.5547327532494135,,132.94926570114916,,
2023-02-06,152.57000732421875,153.10000610351562,150.77999877929688,151.72999572753906,150.6943359375,69858300,71.68289380568149,82.63329816068955,5.865555332975958,4.8168972691947225,,133.64515080845703,,
2023-02-07,150.63999938964844,155.22999572753906,150.63999938964844,154.64999389648438,153.59437561035156,83322600,83.96599248370555,79.66132512120537,6.154022056703241,5.084322226696426,,134.4274733497078,,
2023-02-08,153.8800048828125,154.5800018310547,151.1699981689453,151.9199981689453,150.88304138183594,64120100,71.94748500145604,75.8654570969477,6.093608673226726,5.286179516002487,,135.07278974312462,,
2023-02-09,153.77999877929688,154.3300018310547,150.4199981689453,150.8699951171875,149.84019470214844,56007100,61.29463075787888,72.40270274768015,5.893643367870055,5.407672286376001,,135.65190366308633,,
2023-02-10,149.4600067138672,151.33999633789062,149.22000122070312,151.00999450683594,150.20822143554688,57450700,61.3797489572754,64.87395490553678,5.699169624538399,5.465971754008481,,136.2227396541632,,
2023-02-13,150.9499969482422,154.25999450683594,150.9199981689453,153.85000610351562,153.0331573486328,62199000,76.5921065173163,66.4221620774902,5.707207367136817,5.514218876634149,,136.881971720613,,
2023-02-14,152.1199951171875,153.77000427246094,150.86000061035156,153.1999969482422,152.3865966796875,61707600,68.90778977451953,68.95988174970374,5.596887854360631,5.530752672179446,,137.489996228812,,
2023-02-15,153.11000061035156,155.5,152.8800048828125,155.3300018310547,154.5052947998047,65573800,82.10018356155012,75.86669328446197,5.615685945336082,5.547739326810774,,138.15726283943917,,
2023-02-16,153.50999450683594,156.3300018310547,153.35000610351562,153.7100067138672,152.89389038085938,68167900,72.06653061069369,74.35816798225444,5.437872291508285,5.525765919750277,,138.7351698018478,,
2023-02-17,152.35000610351562,153.0,150.85000610351562,152.5500030517578,151.7400665283203,59144100,64.88207215527103,73.01626210917162,5.144546616751057,5.449522059150433,,139.24516575190555,,
2023-02-21,150.1999969482422,151.3000030517578,148.41000366210938,148.47999572753906,147.691650390625,58867200,39.67399772733319,58.87420016443264,4.5331551669484895,5.266248680710045,,139.57640044362003,,
2023-02-22,148.8699951171875,149.9499969482422,147.16000366210938,148.91000366210938,148.119384765625,51011300,9.387289519811041,37.98111980080508,4.036606144545345,5.0203201734771055,,139.91141943663985,,
2023-02-23,150.08999633789062,150.33999633789062,147.24000549316406,149.39999389648438,148.60678100585938,48394200,14.15633239670458,21.072539881282932,3.640451412316054,4.744346421244895,,140.2524140079818,,
2023-02-24,147.11000061035156,147.19000244140625,145.72000122070312,146.7100067138672,145.9310760498047,55469600,1.9893950703040397,8.511005662273215,3.0751405981227435,4.410505256620465,,140.47510663707288,,
2023-02-27,147.7100067138672,149.1699981689453,147.4499969482422,147.9199981689453,147.13462829589844,44998500,13.332959413924472,9.826228960311026,2.6931987935500104,4.067043964006374,,140.7362643491837,,
2023-02-28,147.0500030517578,149.0800018310547,146.8300018310547,147.41000366210938,146.62734985351562,50547000,8.551824510992512,7.9580596650736695,2.32279825845481,3.7181948228960615,,140.9672873101379,,
2023-03-01,146.8300018310547,147.22999572753906,145.00999450683594,145.30999755859375,144.5384979248047,55479000,-4.16516145729429,5.906540822540894,1.8394957109080678,3.342455000498463,,141.10733478522286,,
2023-03-02,144.3800048828125,146.7100067138672,143.89999389648438,145.91000366210938,145.1353302001953,52238100,9.938338818555561,4.77500062408459,1.4874875066116147,2.9714615017210932,,141.2652953897316,,
2023-03-03,148.0399932861328,151.11000061035156,147.3300018310547,151.02999877929688,150.22813415527344,70732300,50.91018680035796,18.894454720539738,1.6010097417518523,2.6973711497272452,,141.6167792628901,,
2023-03-06,153.7899932861328,156.3000030517578,153.4600067138672,153.8300018310547,153.01327514648438,87558000,73.31677741455145,44.72176767782165,1.8938830279355159,2.5366735253688995,,142.06370067008987,,
2023-03-07,153.6999969482422,154.02999877929688,151.1300048828125,151.60000610351562,150.79510498046875,56182000,55.471493825902606,59.899486013604,1.9248113952868664,2.414301099352493,,142.4061086822616,,
2023-03-08,152.80999755859375,153.47000122070312,151.8300018310547,152.8699951171875,152.058349609375,47204800,65.63435643673743,64.80754255906382,2.0278795008419763,2.33701677965039,,142.78462793430526,,
2023-03-09,153.55999755859375,154.5399932861328,150.22999572753906,150.58999633789062,149.7904510498047,53833600,47.503651647025094,56.2031673032217,1.9046061428828125,2.2505346522968743,,143.0593660956974,,
2023-03-10,150.2100067138672,150.94000244140625,147.61000061035156,148.5,147.71156311035156,68572400,30.7384387070893,47.95881559695059,1.6204823243215571,2.124524186701811,,143.2418051943113,,
2023-03-13,147.80999755859375,153.13999938964844,147.6999969482422,150.47000122070312,149.6710968017578,84457100,46.54111809924851,41.59440281778762,1.5357272358820637,2.006764796537862,,143.49393427695625,,
2023-03-14,151.27999877929688,153.39999389648438,150.10000610351562,152.58999633789062,151.77984619140625,73695900,63.54714900811792,46.94223527148523,1.62004183601249,1.9294202044327877,,143.81887199909156,,
2023-03-15,151.19000244140625,153.25,149.9199981689453,152.99000549316406,152.17771911621094,77167900,66.75579925847262,58.94802212194634,1.6993774188795783,1.883411647322146,143.91013610839843,144.1466699252531,161.5030809009841,126.31719131581278
2023-03-16,152.16000366210938,156.4600067138672,151.63999938964844,155.85000610351562,155.02255249023438,76161100,88.55531244646977,72.9527535710201,1.9691070772430805,1.9005507333063332,144.52626113891603,144.57317512387982,161.44907886352553,127.60344341430651
2023-03-17,156.0800018310547,156.74000549316406,154.27999877929688,155.0,154.17706298828125,98944600,80.03940661902855,78.45017277465696,2.090547309967576,1.9385500486385818,145.09985229492187,144.94979817738576,161.3196956203755,128.88000896946824
2023-03-20,155.07000732421875,157.82000732421875,154.14999389648438,157.39999389648438,156.56430053710938,73641400,90.97912661055706,86.5246152253518,2.35230379465861,2.0213007978425876,145.74780548095703,145.40526885815925,161.1207547447466,130.37485621716746
2023-03-21,157.32000732421875,159.39999389648438,156.5399932861328,159.27999877929688,158.434326171875,73938300,93.76988564768145,88.26280629242234,2.6797526148433235,2.152991161242735,146.3417874145508,145.91621228222652,161.32175242817982,131.36182240092177
2023-03-22,159.3000030517578,162.13999938964844,157.80999755859375,157.8300018310547,156.9920196533203,75701800,65.23983399753551,83.32961541859133,2.7907065537945925,2.2805342397531065,146.8963949584961,146.35055766932825,161.33898695327412,132.4538029637181
2023-03-23,158.8300018310547,161.5500030517578,157.67999267578125,158.92999267578125,158.086181640625,67622100,72.10035726362527,77.0366923029474,2.9331169316890566,2.4110507781402966,147.4613653564453,146.81077821722224,161.38084238088445,133.54188833200615
2023-03-24,158.86000061035156,160.33999633789062,157.85000610351562,160.25,159.39918518066406,59196500,81.13685864248224,72.82568330121433,3.1160072032426456,2.5520420631607665,147.99777221679688,147.30444123539644,161.6407280199649,134.35481641362884
2023-03-27,159.94000244140625,160.77000427246094,157.8699951171875,158.27999877929688,157.43963623046875,52390300,67.65062935946685,73.62928175519144,3.067469953267704,2.6551276411821543,148.49657745361327,147.7018998626542,161.64130901236766,135.35184589485888
2023-03-28,157.97000122070312,158.49000549316406,155.97999572753906,157.64999389648438,156.81295776367188,45992200,63.33763197855998,70.70837332683634,2.9444938261266884,2.7130008781710613,148.9560333251953,148.0591962509294,161.6064357600636,136.30563089032702
2023-03-29,159.3699951171875,161.0500030517578,159.35000610351562,160.77000427246094,159.91641235351562,51305700,84.69657795635125,71.89494643145935,3.0621585504781024,2.7828324126324695,149.4541195678711,148.5241851176975,161.82159664828364,137.08664248745853
2023-03-30,161.52999877929688,162.47000122070312,161.27000427246094,162.36000061035156,161.4979705810547,49501700,93.41888721413024,80.48436571634714,3.2456138079305674,2.875388691692089,149.99833740234374,149.0329610182213,162.03196058684495,137.96471421784253
2023-03-31,162.44000244140625,165.0,161.91000366210938,164.89999389648438,164.02447509765625,68749800,93.53100275933109,90.54882264327085,3.553904027396527,3.011091758832977,150.59189331054688,149.62086353114032,162.40002535350266,138.7837612675911
2023-04-03,164.27000427246094,166.2899932861328,164.22000122070312,166.1699981689453,165.28775024414062,56976200,93.87756053183,93.60915016843045,3.8557157035934324,3.180016547785068,151.15906982421876,150.23525124537562,163.0127657768334,139.30537387160413
2023-04-04,166.60000610351562,166.83999633789062,165.11000061035156,165.6300048828125,164.75062561035156,46278300,86.25413719059536,91.22090016058547,4.0053905138318555,3.3450913409944256,151.6511459350586,150.8044816126296,163.68037095577398,139.6219209143432
2023-04-05,164.74000549316406,165.0500030517578,161.8000030517578,163.75999450683594,162.8905487060547,51511700,68.87748721821147,83.00306164687892,3.9286294239171013,3.461798957578961,152.0778143310547,151.27844502805803,164.15895266673473,139.99667599537466
2023-04-06,162.42999267578125,164.9600067138672,162.0,164.66000366210938,163.7857666015625,45390100,75.93200040401514,77.02120827094065,3.8951316565438674,3.5484654973719425,152.53569549560547,151.768928227019,164.621780392137,140.44961059907394
2023-04-10,161.4199981689453,162.02999877929688,160.0800018310547,162.02999877929688,161.1697235107422,47716900,47.78754596253307,64.19901119491989,3.6158108041313994,3.5619345587238342,152.8995425415039,152.13758686559638,164.90622565544808,140.89285942755973
2023-04-11,162.35000610351562,162.36000061035156,160.50999450683594,160.8000030517578,159.94625854492188,47644200,36.52175501355166,53.41376712669995,3.2581655144649346,3.5011807498720544,153.19978942871094,152.44380928439347,165.144091953284,141.25548690413788
2023-04-12,161.22000122070312,162.05999755859375,159.77999877929688,160.10000610351562,159.24996948242188,50133100,30.110253877572813,38.13985161788584,2.885284572965986,3.378001514490841,153.54431030273437,152.7107175274534,165.16214656573678,141.92647403973197
2023-04-13,161.6300048828125,165.8000030517578,161.4199981689453,165.55999755859375,164.6809844970703,68445600,80.11959742651966,48.917202105881366,2.993504012299553,3.3011020140525833,153.9718280029297,153.18013976155603,165.62490316106695,142.31875284479244
2023-04-14,164.58999633789062,166.32000732421875,163.82000732421875,165.2100067138672,164.33285522460938,49386500,76.91398736302568,62.381279555706044,3.016406320386807,3.2441628753194283,154.36973876953124,153.61750115226403,166.0526437827371,142.68683375632537
2023-04-17,165.08999633789062,165.38999938964844,164.02999877929688,165.22999572753906,164.3527374267578,41516200,77.09706472058573,78.04354983671034,3.0015607679725633,3.1956424538500556,154.66098266601563,154.03849081008732,166.6011596593724,142.72080567265886
2023-04-18,166.10000610351562,167.41000366210938,165.64999389648438,166.47000122070312,165.58616638183594,49923000,77.37173904812389,77.12759704391176,3.054117009443729,3.1673373649687906,154.90379760742186,154.49134083250885,167.2306058455753,142.57698936926843
2023-04-19,165.8000030517578,168.16000366210938,165.5399932861328,167.6300048828125,166.739990234375,47720200,83.05474223950823,79.1745153360726,3.152531728070187,3.16437623758907,155.22471069335938,154.9716800247389,167.9337516479858,142.51566973873298
2023-04-20,166.08999633789062,167.8699951171875,165.55999755859375,166.64999389648438,165.76519775390625,52456400,71.42238051537532,77.28295393433581,3.1159497658390762,3.1546909432390717,155.46812713623046,155.39495522980428,168.51153313654487,142.42472113591606
2023-04-21,165.0500030517578,166.4499969482422,164.49000549316406,165.02000427246094,164.14385986328125,58337300,52.074684263426995,68.85060233943683,2.9224417897296178,3.108241112537181,155.73334350585938,155.7380495291563,168.93453773733745,142.5321492743813
2023-04-24,165.0,165.60000610351562,163.88999938964844,165.3300018310547,164.45220947265625,41949600,55.75427173010532,59.75044550296921,2.762126486235246,3.039018187276794,156.02558380126953,156.0797812916465,169.34074451237683,142.71042309016224
2023-04-25,165.19000244140625,166.30999755859375,163.72999572753906,163.77000427246094,162.90049743652344,48714100,37.23743244621189,48.35546281324806,2.481262806982812,2.927467111217998,156.27942932128906,156.34726035615148,169.62582312769942,142.9330355148787
2023-04-26,163.05999755859375,165.27999877929688,162.8000030517578,163.75999450683594,162.8905487060547,45498800,37.1187125813923,43.370138919236496,2.2321427856851415,2.788402246111427,156.4765771484375,156.60385989928494,169.91812572008993,143.0350285767851
2023-04-27,165.19000244140625,168.55999755859375,165.19000244140625,168.41000366210938,167.515869140625,64902300,88.10787513512199,54.15467338757539,2.380497187874255,2.706821234463993,156.77916259765624,157.0317818303179,170.52267809361908,143.0356471016934
2023-04-28,168.49000549316406,169.85000610351562,167.8800048828125,169.67999267578125,168.7790985107422,55209200,89.36537424160692,71.53065398604039,2.5703715303636443,2.6795312936439233,157.064638671875,157.49246091582475,171.20268931402128,142.92658802972872
2023-05-01,169.27999877929688,170.4499969482422,168.63999938964844,169.58999633789062,168.68960571289062,52472900,83.5014851223206,86.99157816634983,2.682702469746232,2.6801655288643853,157.38055297851562,157.93156463335674,171.84046083225812,142.92064512477313
2023-05-02,170.08999633789062,170.35000610351562,167.5399932861328,168.5399932861328,167.6451416015625,48425700,68.93847479680292,80.60177805357681,2.656819858162322,2.675496394723973,157.69865447998046,158.3124892203452,172.35060766702563,143.0467012929353
2023-05-03,169.5,170.9199981689453,167.16000366210938,167.4499969482422,166.56092834472656,65136000,46.31684180459718,66.25226724124023,2.5197743629781826,2.644351988374815,158.0760400390625,158.63595742130136,172.64776410775366,143.50431597037132
2023-05-04,164.88999938964844,167.0399932861328,164.30999755859375,165.7899932861328,164.90975952148438,81235400,25.982238157518907,47.079184919639665,2.2519699878262145,2.565875588265095,158.41184753417969,158.8819888762105,172.8199855340455,144.00370953431388
2023-05-05,170.97999572753906,174.3000030517578,170.75999450683594,173.57000732421875,172.6484832763672,113316400,85.63895847486414,52.64601281232674,2.6338223582496596,2.579464942262008,158.89268157958983,159.42185140170685,173.5674253872582,144.21793777192147
2023-05-08,172.47999572753906,173.85000610351562,172.11000061035156,173.5,172.57882690429688,55962800,85.03325089164402,65.55148250800902,2.8974227400601364,2.643056501821634,159.42563659667968,159.93781122533784,174.11457342968922,144.73669976367015
2023-05-09,173.0500030517578,173.5399932861328,171.60000610351562,171.77000427246094,170.85801696777344,45326900,70.06968622622283,80.24729853091033,2.933655605629923,2.701176322583292,159.9001043701172,160.3660545877863,174.50089845595508,145.2993102842793
2023-05-10,173.02000427246094,174.02999877929688,171.89999389648438,173.55999755859375,172.63851928710938,53724500,85.5523150900136,80.2184174026268,3.070645578708479,2.7750701738083294,160.42032775878906,160.84732771324994,174.94423805382098,145.89641746375713
2023-05-11,173.85000610351562,174.58999633789062,172.1699981689453,173.75,172.82749938964844,49514700,85.05090795670591,80.22430309098077,3.1580561290015225,2.851667364846968,160.98610778808595,161.31713836722636,175.18516976511364,146.78704581105825
2023-05-12,173.6199951171875,174.05999755859375,171.0,172.57000732421875,171.89120483398438,45497800,77.10947378502308,82.57089894391419,3.1158607707564556,2.9045060460288656,161.5212252807617,161.73180764043255,175.2922985644948,147.7501519970286
2023-05-15,173.16000366210938,173.2100067138672,171.47000122070312,172.07000732421875,171.39317321777344,37266700,72.88528464323015,78.34855546165305,3.0075643267270493,2.9251177021685026,161.94452606201173,162.11068472189692,175.59940453182267,148.2896475922008
2023-05-16,171.99000549316406,173.13999938964844,171.8000030517578,172.07000732421875,171.39317321777344,42110300,68.90249513885797,72.96575118903706,2.888442448051876,2.9177826513451777,162.3121240234375,162.47470387859795,175.9752299419044,148.6490181049706
2023-05-17,171.7100067138672,172.92999267578125,170.4199981689453,172.69000244140625,172.01072692871094,57951600,74.90982767065948,72.23253581758253,2.811460161665451,2.8965181534092324,162.73643646240234,162.84866556683767,176.2566550160362,149.21621790876847
2023-05-18,173.0,175.24000549316406,172.5800018310547,175.0500030517578,174.36143493652344,65496700,91.96184886689962,78.59139055880568,2.9066278392034235,2.8985400905680705,163.1824981689453,163.30014671859004,176.73639750296823,149.62859883492237
2023-05-19,176.38999938964844,176.38999938964844,174.94000244140625,175.16000366210938,174.4710235595703,55772400,84.1144409006221,83.6620391460604,2.9568075583243,2.9101935841193165,163.67610961914062,163.73822032019712,177.0355870589284,150.31663217935284
2023-05-22,173.97999572753906,174.7100067138672,173.4499969482422,174.1999969482422,173.5147705078125,43570900,76.19844001642088,84.09157659464752,2.8861440457195613,2.9053836764393655,164.19217376708986,164.12161444520166,177.01734974646092,151.3669977877188
2023-05-23,173.1300048828125,173.3800048828125,171.27999877929688,171.55999755859375,170.88516235351562,50747300,54.43016389301165,71.58101493668487,2.5881210529289547,2.8419311517372834,164.616455078125,164.38685161807672,176.8718217159523,152.3610884402977
2023-05-24,171.08999633789062,172.4199981689453,170.52000427246094,171.83999633789062,171.1640625,45143500,12.46338658146965,47.69733016363406,2.347381442878884,2.7430212099656037,165.00413940429686,164.65262459383842,176.82060774091158,153.18767106768215
2023-05-25,172.41000366210938,173.89999389648438,171.69000244140625,172.99000549316406,172.30955505371094,56058300,31.650862619808308,32.84813769809653,2.223395325980391,2.6390960331685616,165.40677612304688,164.95289637657854,176.8038775892539,154.00967465683988
2023-05-26,173.32000732421875,175.77000427246094,173.11000061035156,175.42999267578125,174.73992919921875,54835000,72.36063897763579,38.82496272630457,2.2947933676419723,2.570235500063244,165.80112365722655,165.33670158530953,177.09569771820293,154.50654959625018
2023-05-30,176.9600067138672,178.99000549316406,176.57000732421875,177.3000030517578,176.6025848388672,55964400,72.14213986083712,58.717880486093726,2.473168427176205,2.5508220854858363,166.24963409423827,165.7785009285863,177.44072160517624,155.0585465833003
2023-05-31,177.3300018310547,179.35000610351562,176.75999450683594,177.25,176.5527801513672,99625300,68.67610899515923,71.05962927787736,2.580763687612688,2.556810405911207,166.64940368652344,166.20102168242087,177.85637575939103,155.44243161365586
2023-06-01,177.6999969482422,180.1199951171875,176.92999267578125,180.08999633789062,179.38160705566406,68901800,92.3877495481352,77.73533280137717,2.8613129616579727,2.61771091706056,167.06834930419922,166.71790738333237,178.5837319701242,155.55296663827423
2023-06-02,181.02999877929688,181.77999877929688,179.25999450683594,180.9499969482422,180.23822021484375,61945900,86.42800632380062,82.49728828903167,3.116842782093471,2.7175372900671424,167.53327331542968,167.24811572966615,179.26324479461914,155.80330183624022
2023-06-05,182.6300048828125,184.9499969482422,178.0399932861328,179.5800018310547,178.8736114501953,121946500,58.18041287997329,78.99872291730303,3.172666953265093,2.8085632227067325,167.9490219116211,167.70401752262808,179.7853830860931,156.11266073714907
2023-06-06,179.97000122070312,180.1199951171875,177.42999267578125,179.2100067138672,178.5050811767578,64848400,55.644072175233504,66.75083045966913,3.150849664384424,2.877020511042271,168.33113983154297,168.12758864631945,180.27402494955706,156.38825471352888
2023-06-07,178.44000244140625,181.2100067138672,177.32000732421875,177.82000732421875,177.12054443359375,61944600,45.741812275559276,53.18876577692202,2.987401852679824,2.8990967793697817,168.72475799560547,168.48025357915375,180.49857954555384,156.9509364456571
2023-06-08,177.89999389648438,180.83999633789062,177.4600067138672,180.57000732421875,179.8597412109375,50214900,64.7244745602125,55.37011967033508,3.0438114086232417,2.928039705220474,169.18569366455077,168.92650799608646,180.86020449046157,157.51118283863997
2023-06-09,181.5,182.22999572753906,180.6300048828125,180.9600067138672,180.24818420410156,48870700,67.41638856108383,59.29422513228519,3.0843065255991178,2.959293069296203,169.5923291015625,169.37049529836156,181.3649902333946,157.81966796973043
2023-06-12,181.27000427246094,183.88999938964844,180.97000122070312,183.7899932861328,183.06704711914062,54274900,86.95113801227471,73.03066704452367,3.305751234109266,3.028584702258816,170.02371063232422,169.9076149776078,182.16081977127135,157.8866014933771
2023-06-13,182.8000030517578,184.14999389648438,182.44000244140625,183.30999755859375,182.5889434814453,54929100,83.63787480807542,79.33513379381132,3.4034361003439813,3.1035549818758494,170.395,170.4049219777583,182.91287891466132,157.8771210853387
2023-06-14,183.3699951171875,184.38999938964844,182.02000427246094,183.9499969482422,183.2264404296875,57462900,87.0018308252983,85.86361454854948,3.4920386882754713,3.181251723155774,170.75377380371094,170.90772662293202,183.69529932561113,157.81224828181075
2023-06-15,183.9600067138672,186.52000427246094,183.77999877929688,186.00999450683594,185.2783203125,65433200,90.74061431116998,87.12677331484788,3.6853440832806257,3.2820701951807445,171.16432769775392,171.47127931664056,184.6207265330407,157.70792886246713
2023-06-16,186.72999572753906,186.99000549316406,184.27000427246094,184.9199981689453,184.19261169433594,101235600,73.15360565834658,83.63201693160494,3.708186721413682,3.367293500427332,171.59036895751953,171.97015509615804,185.32359965228366,157.8571382627554
2023-06-20,184.41000366210938,186.10000610351562,184.41000366210938,185.00999450683594,184.28224182128906,49799100,73.53117532822023,79.14179843257892,3.6909748187231344,3.4320297640864927,172.00029846191407,172.45298202655533,186.00362057225504,157.9969763515731
2023-06-21,184.89999389648438,185.41000366210938,182.58999633789062,183.9600067138672,183.2364044189453,49515700,62.68790962440068,69.79089687032248,3.5519986939926014,3.4560235500677146,172.44163208007814,172.87586133606084,186.44265120981134,158.44061295034493
2023-06-22,183.74000549316406,187.0500030517578,183.6699981689453,187.0,186.26443481445312,51245300,91.92632495118912,76.04846996793667,3.64418793045229,3.49365642614463,172.96799560546876,173.4009034332527,187.03034122172113,158.90564998921639
2023-06-23,185.5500030517578,187.55999755859375,185.00999450683594,186.67999267578125,185.9456787109375,53079300,84.23515246882674,79.61646234813884,3.6494589202134478,3.524816924958394,173.50190979003906,173.89285540492662,187.46517051114404,159.5386490689341
2023-06-26,186.8300018310547,188.0500030517578,185.22999572753906,185.27000427246094,184.54124450683594,48088700,67.29953455697589,81.15367065899723,3.4999647002380243,3.51984648001432,173.89911499023438,174.310439291276,187.96770658674495,159.8305233937238
2023-06-27,185.88999938964844,188.38999938964844,185.6699981689453,188.05999755859375,187.32025146484375,50730800,90.33650685129768,80.62373129236676,3.5646411262494837,3.528805409261353,174.35886291503905,174.82062800396494,188.65208871777742,160.0656371123007
2023-06-28,187.92999267578125,189.89999389648438,187.60000610351562,189.25,188.50559997558594,51216800,88.79103410293806,82.14235850373719,3.6692485648504487,3.5568940403791722,174.84192016601563,175.3572935714795,189.3852267235559,160.29861360847536
2023-06-29,189.0800018310547,190.07000732421875,188.94000244140625,189.58999633789062,188.84423828125,46347300,87.01516180131252,88.71423425184942,3.7364050432391878,3.592796240951176,175.3070816040039,175.8861933640195,190.12722042635372,160.4869427816541
2023-06-30,191.6300048828125,194.47999572753906,191.25999450683594,193.97000122070312,193.20703125,85069600,90.57760921446005,88.79460170623686,4.094469472039634,3.6931308871688677,175.8364224243164,176.56544190856778,191.28495544451815,160.38788940411465
2023-07-03,193.77999877929688,193.8800048828125,191.75999450683594,192.4600067138672,191.70297241210938,31458200,77.71247817109939,85.1017497289573,4.2083617585667525,3.7961770614484447,176.35517791748046,177.15907055576548,192.1611774033463,160.54917843161462
2023-07-05,191.57000732421875,192.97999572753906,190.6199951171875,191.3300018310547,190.577392578125,46920300,68.67892595685899,78.98967111413947,4.1598452241198345,3.868910693982723,176.88384857177735,177.6852792625247,192.7907032361755,160.9769939073792
2023-07-06,189.83999633789062,192.02000427246094,189.1999969482422,191.80999755859375,191.05551147460938,45094300,71.1986170839413,72.53000707063323,4.112568589453701,3.9176422730769187,177.41591461181642,178.20960209437115,193.4050154283677,161.42681379526513
2023-07-07,191.41000366210938,192.6699981689453,190.24000549316406,190.67999267578125,189.92994689941406,46778000,61.73213573007984,67.20322625696004,3.938872985475143,3.921888415556564,177.95650360107422,178.6692234592748,193.76923631834075,162.1437708838077
2023-07-10,189.25999450683594,189.99000549316406,187.0399932861328,188.61000061035156,187.86810302734375,59922200,44.39114348524107,59.10729876642072,3.5934216707914572,3.8561950666035427,178.4560546875,179.0299638344932,193.89996257494622,163.01214680005378
2023-07-11,189.16000366210938,189.3000030517578,186.60000610351562,188.0800018310547,187.34019470214844,46638100,39.95120780572442,48.691495673681764,3.239705912026068,3.732897235688048,178.85254119873048,179.35585524106793,194.16741397282073,163.53766842464023
2023-07-12,189.67999267578125,191.6999969482422,188.47000122070312,189.77000427246094,189.02354431152344,60750200,49.524027304910476,44.6221261986253,3.059942754629816,3.598306339476402,179.2574301147461,179.73498030265444,194.55571219537663,163.95914803411554
2023-07-13,190.5,191.19000244140625,189.77999877929688,190.5399932861328,189.79049682617188,41342300,50.48048260949428,46.651905906709715,2.9454129287257445,3.4677276573262708,179.67944793701173,180.12931428396885,194.95199287474708,164.40690299927638
2023-07-14,190.22999572753906,191.17999267578125,189.6300048828125,190.69000244140625,189.93992614746094,41573900,50.918166701858105,50.30755887208761,2.8340359120806227,3.340989308277141,180.12534362792968,180.51404416096855,195.26505203235004,164.98563522350932
2023-07-17,191.89999389648438,194.32000732421875,191.80999755859375,193.99000549316406,193.22694396972656,50520200,85.77693410833916,62.39186113989717,2.976690259082659,3.268129498438245,180.65866394042968,181.01258925150807,195.72658900714538,165.59073887371397
2023-07-18,193.35000610351562,194.3300018310547,192.4199981689453,193.72999572753906,192.96795654296875,48353800,80.81166020878233,72.50225367299318,3.0338741235840985,3.2212784234674157,181.21982788085938,181.48142718450654,195.98054360606443,166.45911215565434
2023-07-19,193.10000610351562,198.22999572753906,192.64999389648438,195.10000610351562,194.33258056640625,80507300,66.488231828839,77.69227538198682,3.152961128996651,3.207614964573263,181.65350982666016,181.98539398379674,196.6585069806196,166.64851267270072
2023-07-20,195.08999633789062,196.47000122070312,192.5,193.1300048828125,192.37033081054688,59581200,49.6159058913673,65.63859930966287,3.053798988849678,3.1768517694285463,182.04933990478514,182.39264640837519,197.121284565694,166.9773952438763
2023-07-21,194.10000610351562,194.97000122070312,191.22999572753906,191.94000244140625,191.18499755859375,71917800,39.423865397155275,51.842667705787186,2.8467502265975213,3.1108314608623413,182.45587951660156,182.73744449269748,197.39167101245084,167.52008802075227
2023-07-24,193.41000366210938,194.91000366210938,192.25,192.75,191.9918212890625,45377800,46.361306930225425,45.13369273958265,2.7164529443393803,3.0319557575577494,182.84294555664061,183.10036122980983,197.7433400065249,167.94255110675633
2023-07-25,193.3300018310547,194.44000244140625,192.9199981689453,193.6199951171875,192.85838317871094,37283200,53.81240463248328,46.53252565328798,2.6525388945154873,2.956072384949297,183.24356323242188,183.48302875721774,198.1219590164931,168.36516744835066
2023-07-26,193.6699981689453,195.63999938964844,193.32000732421875,194.5,193.7349395751953,47471900,61.34943970148902,53.841050421399224,2.6421601475694274,2.893289937473323,183.6804379272461,183.8850644755698,198.48085590252632,168.88001995196586
2023-07-27,196.02000427246094,197.1999969482422,192.5500030517578,193.22000122070312,192.45997619628906,47460200,50.38671815036546,55.18285416144591,2.5022120831539496,2.8150743666094487,184.1017739868164,184.22133552344116,198.6721346602869,169.5314133133459
2023-07-28,194.6699981689453,196.6300048828125,194.13999938964844,195.8300018310547,195.05970764160156,48291400,72.74040486339895,61.49218757175114,2.5714369105667174,2.7663468754009024,184.57510467529298,184.64636972415335,198.9972657798528,170.15294357073316
2023-07-31,196.05999755859375,196.49000549316406,195.25999450683594,196.4499969482422,195.67726135253906,38824100,73.8449199616654,65.65734765847658,2.645632306015443,2.7422039615238107,185.04843536376953,185.07895370958025,199.34036730080263,170.75650342673643
2023-08-01,196.24000549316406,196.72999572753906,195.27999877929688,195.61000061035156,194.84056091308594,35175100,60.58792531701942,69.05775004736124,2.6068676114845175,2.7151366915159523,185.45801788330078,185.46176183520794,199.6734521632799,171.24258360332166
2023-08-02,195.0399932861328,195.17999267578125,191.85000610351562,192.5800018310547,191.82247924804688,50389300,25.493915107814104,53.30892012883296,2.306029867715182,2.6333153267557985,185.80504699707032,185.71120173375064,199.7706998145246,171.83939417961605
2023-08-03,191.57000732421875,192.3699951171875,190.69000244140625,191.1699981689453,190.41802978515625,61235200,-3.607067618351847,27.49159093549388,1.9320153834748055,2.4930553380996,186.1431121826172,185.89578322596262,199.70701288761208,172.5792114776223
2023-08-04,185.52000427246094,187.3800048828125,181.9199981689453,181.99000549316406,181.27415466308594,115799700,-3.9598013644035133,5.975682041686234,0.8875408874122286,2.1719524479621257,186.3508920288086,185.71454289016353,199.26344175321245,173.43834230440476
2023-08-07,182.1300048828125,183.1300048828125,177.35000610351562,178.85000610351562,178.146484375,97576100,3.814553004221746,-1.2507719928445522,-0.19039477650019876,1.6994830030696608,186.4905404663086,185.41775628172576,198.87284581108017,174.10823512153704
2023-08-08,179.69000244140625,180.27000427246094,177.5800018310547,179.8000030517578,179.09275817871094,67823000,8.77961148107179,2.87812104029666,-0.9572752949218852,1.1681313434713516,186.6262045288086,185.16971714043106,198.51306847676622,174.73934058085095
2023-08-09,180.8699951171875,180.92999267578125,177.00999450683594,178.19000244140625,177.4890899658203,60378500,2.3729341310124457,4.98903287210198,-1.6751264383612465,0.5994797871048321,186.68118774414063,184.86851607476007,198.36738040450038,174.99499508378088
2023-08-10,179.47999572753906,180.75,177.60000610351562,177.97000122070312,177.26995849609375,54686900,1.2875877059067151,4.146711105996969,-2.235936238488648,0.03239658198613602,186.69453521728516,184.5705334246163,198.33517848848382,175.0538919460865
2023-08-11,177.32000732421875,178.6199951171875,176.5500030517578,177.7899932861328,177.32980346679688,51988100,3.7762743124675797,2.478932049795566,-2.6450624233929148,-0.5030952190896741,186.71007568359374,184.286583230192,198.29740860834775,175.12274275883973
2023-08-14,177.97000122070312,179.69000244140625,177.30999755859375,179.4600067138672,178.9954833984375,43675600,11.842523338934383,5.635461785769546,-2.8025849677495103,-0.9629931688216413,186.70235321044922,184.07908911914282,198.31011796795107,175.09458845294736
2023-08-15,178.8800048828125,179.47999572753906,177.0500030517578,177.4499969482422,176.9906768798828,43622600,2.134014326270692,5.917603992557537,-3.0539893618993403,-1.3811924074371813,186.63740234375,183.80111216858361,198.4277068824523,174.84709780504772
2023-08-16,177.1300048828125,178.5399932861328,176.5,176.57000732421875,176.1129608154297,46964900,-1.91319459372617,4.021114357159621,-3.2861725549144296,-1.762188436932631,186.58218933105468,183.49961603708738,198.5454773586034,174.61890130350596
2023-08-17,177.13999938964844,177.50999450683594,173.47999572753906,174.0,173.54962158203125,66062900,0.2994660408266129,0.17342859112369735,-3.635116105896344,-2.1367739707253737,186.48308013916017,183.10942017610478,198.7964715706237,174.16968870769662
2023-08-18,172.3000030517578,175.10000610351562,171.9600067138672,174.49000549316406,174.03834533691406,61114200,8.39055125095021,2.2589408993502036,-3.8280925929610703,-2.4750376951725133,186.42143615722657,182.75369175103847,198.9550303779654,173.88784193648775
2023-08-21,175.07000732421875,176.1300048828125,173.74000549316406,175.83999633789062,175.3848419189453,46311900,14.749514537586784,7.813177276454521,-3.828247177787489,-2.7456795916955086,186.33193817138672,182.46471724781915,199.11813810611554,173.5457382366579
2023-08-22,177.05999755859375,177.67999267578125,176.25,177.22999572753906,176.771240234375,42084200,23.57293608126263,15.571000623266528,-3.6741456657763365,-2.9313728065116744,186.26239929199218,182.2414436394488,199.2203146331609,173.30448395082345
2023-08-23,178.52000427246094,181.5500030517578,178.3300018310547,181.1199951171875,180.65118408203125,52722800,56.36302464462949,31.56182508782629,-3.2020290669143776,-2.9855040585922152,186.21408203125,182.17908051955007,199.2384750488861,173.1896890136139
2023-08-24,180.6699981689453,181.10000610351562,176.00999450683594,176.3800048828125,175.92344665527344,54945800,35.4829059186899,38.472955548193994,-3.1727882321409595,-3.0229608933019643,186.08077209472657,181.9337615444804,199.38994780044874,172.7715963890044
2023-08-25,177.3800048828125,179.14999389648438,175.82000732421875,178.61000061035156,178.14767456054688,51449600,64.5221085458798,52.12267970306639,-2.936290329465976,-3.005626780534767,185.97919677734376,181.78528754511046,199.45378172815458,172.50461182653294
2023-08-28,180.08999633789062,180.58999633789062,178.5500030517578,180.19000244140625,179.7235870361328,43820700,80.95498735063406,60.32000060506791,-2.5918241361044636,-2.9228662516487063,185.8681021118164,181.7044365447584,199.45737972544566,172.27882449818713
2023-08-29,179.6999969482422,184.89999389648438,179.5,184.1199951171875,183.64341735839844,53003900,90.28919796942343,78.58876462197908,-1.97971374082735,-2.7342357494844354,185.85711822509765,181.78047500803842,199.45280971268159,172.26142673751372
2023-08-30,184.94000244140625,187.85000610351562,184.74000549316406,187.64999389648438,187.16427612304688,60813900,95.68451852228849,88.97623461411531,-1.1967130027228734,-2.426731200132123,185.91475891113282,181.99160446352894,199.50763500063755,172.3218828216281
2023-08-31,187.83999633789062,189.1199951171875,187.47999572753906,187.8699951171875,187.3837127685547,60794500,89.88179765729413,91.95183804966867,-0.5521082133672053,-2.0518066027791395,185.997705078125,182.203059691177,199.5744774817717,172.42093267447828
2023-09-01,189.49000549316406,189.9199981689453,188.27999877929688,189.4600067138672,188.9696044921875,45732600,94.70827322421084,93.4248631345978,0.08572574158435486,-1.6243001339064407,186.0518084716797,182.46841438925586,199.65445484249415,172.44916210086524
2023-09-05,188.27999877929688,189.97999572753906,187.61000061035156,189.6999969482422,189.20896911621094,45280000,95.72127035847167,93.43711374665885,0.6035708815216765,-1.1787259308208173,186.11707427978516,182.7327498687443,199.7489255624768,172.4852229970935
2023-09-06,188.39999389648438,188.85000610351562,181.47000122070312,182.91000366210938,182.43655395507812,81755800,58.1384774056317,82.85600699610472,0.4621620651255398,-0.850548331631546,186.07498046875,182.7211343427182,199.73965164846823,172.41030928903177
2023-09-07,175.17999267578125,178.2100067138672,173.5399932861328,177.55999755859375,177.10040283203125,112488800,28.526077980757996,60.795275248287105,-0.0795709953153505,-0.6963528643683069,185.87058349609376,182.50071349916183,199.76306599943038,171.97810099275713
2023-09-08,178.35000610351562,180.24000549316406,177.7899932861328,178.17999267578125,177.71878051757812,65551300,25.418410041841007,37.36098847607689,-0.45376966324886325,-0.6478362241444182,185.6548471069336,182.3131867155703,199.7143259467115,171.5953682671557
2023-09-11,180.07000732421875,180.3000030517578,177.33999633789062,179.36000061035156,178.89573669433594,58953100,32.57750981054601,28.84066594438166,-0.6478858515095567,-0.6478461496174459,185.4558770751953,182.17916906767877,199.61237405655822,171.29938009383238
2023-09-12,179.49000549316406,180.1300048828125,174.82000732421875,176.3000030517578,175.84365844726562,90370200,14.012559726455617,24.002826526280867,-1.0360584990412747,-0.7254886195022117,185.10860961914062,181.93071767079982,199.340689234569,170.87653000371225
2023-09-13,176.50999450683594,177.3000030517578,173.97999572753906,174.2100067138672,173.75906372070312,84267900,1.3325450245588504,15.974204853853479,-1.4946678905478166,-0.8793244737113327,184.7497314453125,181.61026065314897,199.20628140203291,170.2931814885921
2023-09-14,174.0,176.10000610351562,173.5800018310547,175.74000549316406,175.28512573242188,60895800,10.615159289111315,8.65342134670858,-1.7152068500178643,-1.0465009489726391,184.44388610839843,181.3622161464538,199.0435507886199,169.84422142817695
2023-09-15,176.47999572753906,176.5,173.82000732421875,175.00999450683594,174.55697631835938,109205100,6.186027257910623,6.0445771905269154,-1.9265332604108494,-1.2225074112602812,184.11391540527345,181.09534399633245,198.84880644095654,169.37902436959035
2023-09-18,176.47999572753906,179.3800048828125,176.1699981689453,177.97000122070312,177.50933837890625,67257600,24.144431285339312,13.648539277453736,-1.83463152856217,-1.344932234720659,183.86550323486327,180.95471632506084,198.61896620986542,169.11204025986112
2023-09-19,177.52000427246094,179.6300048828125,177.1300048828125,179.07000732421875,178.6064910888672,51826900,30.818108578705267,20.382855707318388,-1.6541991118911312,-1.4067856101547536,183.68027099609375,180.86262906089638,198.46115511820943,168.89938687397807
2023-09-20,179.25999450683594,179.6999969482422,175.39999389648438,175.49000549316406,175.03575134277344,58436200,9.098283664930406,21.353607842991646,-1.778828746815691,-1.4811942374869411,183.43418212890626,180.63412405234254,198.37520291475732,168.4931613430552
2023-09-21,174.5500030517578,176.3000030517578,173.86000061035156,173.92999267578125,173.47979736328125,63047900,-0.3661551941133011,13.183412349840777,-1.9803231799859873,-1.5810200259867504,183.1233071899414,180.35356222139896,198.23549823053182,168.011116149351
2023-09-22,174.6699981689453,177.0800018310547,174.0500030517578,174.7899932861328,174.33755493164062,56725400,4.8513474882403385,4.5278253196858005,-2.0471962981849003,-1.6742552804263804,182.81424835205078,180.11764036689863,198.0017742563923,167.62672244770926
2023-09-25,174.1999969482422,176.97000122070312,174.14999389648438,176.0800018310547,175.6242218017578,46172700,13.613499482238126,6.032897258788374,-1.9736198023121858,-1.7341281848035415,182.5279342651367,179.94142787414802,197.70691802517229,167.34895050510113
2023-09-26,174.82000732421875,175.1999969482422,171.66000366210938,171.9600067138672,171.514892578125,64588900,-1.6795265536503654,5.595106805609352,-2.2212927444417687,-1.831561096731187,182.09369323730468,179.6109755095981,197.26565711775655,166.9217293568528
2023-09-27,172.6199951171875,173.0399932861328,169.0500030517578,170.42999267578125,169.98883056640625,66921800,8.345133463541666,6.759702130709795,-2.5117617599289304,-1.967601229370736,181.63411071777344,179.233636492218,196.85366385316337,166.4145575823835
2023-09-28,169.33999633789062,172.02999877929688,167.6199951171875,170.69000244140625,170.24818420410156,56294400,20.72703030215512,9.130879070682127,-2.6900239546975513,-2.1120857744360992,181.15242279052734,178.88126581425266,196.25564124525386,166.04920433580082
2023-09-29,172.02000427246094,173.07000732421875,170.33999633789062,171.2100067138672,170.76683044433594,51814200,25.154539333736658,18.075567699811135,-2.7576590345152567,-2.2412004264519307,180.7203527832031,178.56305266249123,195.74957095964888,165.69113460675734
2023-10-02,171.22000122070312,174.3000030517578,170.92999267578125,173.75,173.30026245117188,52164500,47.022073451858404,30.967881029250048,-2.577126027735801,-2.308385546708705,180.3626580810547,178.35666873263557,195.22570584430323,165.49961031780614
2023-10-03,172.25999450683594,173.6300048828125,170.82000732421875,172.39999389648438,171.95375061035156,49594600,35.87545394259008,36.017355576061696,-2.5137278812049146,-2.349454013607947,179.96189666748046,178.10557390431072,194.6243340719958,165.29945926296512
2023-10-04,171.08999633789062,174.2100067138672,170.97000122070312,173.66000366210938,173.2104949951172,53020300,46.278965484573845,43.058830959674104,-2.3351573837854005,-2.346594687643438,179.5689389038086,177.9136100255188,193.86931105641443,165.26856675120277
2023-10-05,173.7899932861328,175.4499969482422,172.67999267578125,174.91000366210938,174.45726013183594,48527900,56.59986736981716,46.25142893232701,-2.069183195313542,-2.2911123891774587,179.1833853149414,177.7780668924332,192.9545589691136,165.4122116607692
2023-10-06,173.8000030517578,177.99000549316406,173.17999267578125,177.49000549316406,177.0305938720703,57224100,77.90229576530774,60.26037620656624,-1.6319382399358062,-2.1592775593291282,178.87479766845703,177.748754224968,192.1128359980753,165.63675933883877
2023-10-09,176.80999755859375,179.0500030517578,175.8000030517578,178.99000549316406,178.52670288085938,42390800,90.2873022389238,74.92982179134955,-1.1514220919736715,-1.957706465858037,178.54413757324218,177.77926201539512,190.93064232546214,166.15763282102222
2023-10-10,178.10000610351562,179.72000122070312,177.9499969482422,178.38999938964844,177.92825317382812,43698000,85.19217237126506,84.46059012516552,-0.8095672849633786,-1.7280786296791053,178.18915740966796,177.78510480592192,189.54606562663523,166.8322491927007
2023-10-11,178.1999969482422,179.85000610351562,177.60000610351562,179.8000030517578,179.3345947265625,47551100,95.78568345090368,90.4217193536975,-0.42031969366925637,-1.4665268424771356,177.8790380859375,177.84586911653528,188.17756700926427,167.58050916261075
2023-10-12,180.07000732421875,182.33999633789062,179.0399932861328,180.7100067138672,180.24224853515625,56743100,85.74899708714717,88.90895096977196,-0.038158232070429676,-1.1808531203957944,177.64743347167968,177.93984478001062,187.15667485274034,168.13819209061901
2023-10-13,181.4199981689453,181.92999267578125,178.13999938964844,178.85000610351562,178.38705444335938,51427100,73.14577739999379,84.8934859793482,0.11369817903397461,-0.9219428605098406,177.40681396484376,177.95738241386744,186.17725829890492,168.6363696307826
2023-10-16,176.75,179.0800018310547,176.50999450683594,178.72000122070312,178.2574005126953,52517000,72.26497631363443,77.05325026692512,0.22103553025615952,-0.6933471823566406,177.34647888183594,177.96914782950776,186.0495801660188,168.64337759765306
2023-10-17,176.64999389648438,178.4199981689453,174.8000030517578,177.14999389648438,176.6914520263672,57549400,61.6267401963325,69.0124979699869,0.17769385460911735,-0.519138974963489,177.31737823486327,177.91904211173755,186.01929153868335,168.6154649310432
2023-10-18,175.5800018310547,177.5800018310547,175.11000061035156,175.83999633789062,175.3848419189453,54764400,42.04037984212239,58.6440321173631,0.03748069441201096,-0.40781504108838906,177.24321990966797,177.8196617120202,185.94657659433105,168.5398632250049
2023-10-19,176.0399932861328,177.83999633789062,175.19000244140625,175.4600067138672,175.00584411621094,59302900,36.33542347153677,46.667514503330544,-0.10303349450083488,-0.3468587317708782,177.1935549926758,177.70931592394925,185.91949653484875,168.46761345050282
2023-10-20,175.30999755859375,175.4199981689453,172.63999938964844,172.8800048828125,172.43251037597656,64189300,13.997435673281464,30.791079662313532,-0.4172289722774565,-0.3609327798721939,177.09680603027343,177.50238237304836,185.92595013457986,168.267661925967
2023-10-23,170.91000366210938,174.00999450683594,169.92999267578125,173.0,172.5522003173828,55980100,21.129789426313963,23.82088285704405,-0.6490908587164483,-0.4185643956410448,177.00125396728515,177.3082575865517,185.9230297456008,168.07947818896952
2023-10-24,173.0500030517578,173.6699981689453,171.4499969482422,173.44000244140625,172.99105834960938,43816600,24.666114186366194,19.931113095320526,-0.7883433670740487,-0.4925201899276456,176.8811654663086,177.1389556556912,185.85486933013487,167.90746160248233
2023-10-25,171.8800048828125,173.05999755859375,170.64999389648438,171.10000610351562,170.65713500976562,57157000,5.859324088714893,17.218409233798337,-1.0746422840132936,-0.6089446087447753,176.75449462890626,176.88476661075296,185.8990679500181,167.60992130779442
2023-10-26,170.3699951171875,171.3800048828125,165.6699981689453,166.88999938964844,166.45802307128906,70625300,4.727204492510195,11.750880922530413,-1.6216758090833139,-0.811490848812483,176.56139587402345,176.47587470724457,186.15784872403134,166.96494302401555
2023-10-27,166.91000366210938,168.9600067138672,166.8300018310547,168.22000122070312,167.78457641601562,58499100,12.684933889252484,7.757154156825844,-1.925960773486679,-1.0343848337473223,176.44609497070311,176.13503948013755,186.32463458412957,166.56755535727666
2023-10-30,169.02000427246094,171.1699981689453,168.8699951171875,170.2899932861328,169.8491973876953,51131000,25.07018402998668,14.160774137249774,-1.9777132945976348,-1.223050525917385,176.36231201171876,175.88853586866924,186.39407277914754,166.33055124428998
2023-10-31,169.35000610351562,170.89999389648438,167.89999389648438,170.77000427246094,170.32797241210938,44846000,27.942260076797393,21.89912599867884,-1.9575292189381912,-1.3699462645215463,176.26117462158203,175.6704745566473,186.4341284125237,166.08822083064035
2023-11-01,171.0,174.22999572753906,170.1199951171875,173.97000122070312,173.51968383789062,56934900,48.27606593375656,33.76283668018019,-1.6647980006932528,-1.4289166117558876,176.19614349365236,175.5861298225784,186.3973209591337,165.994966028171
2023-11-02,175.52000427246094,177.77999877929688,175.4600067138672,177.57000732421875,177.11038208007812,77334800,85.31231011858841,53.843545376380774,-1.1300406565297578,-1.3691414207106618,176.1253274536133,175.64590442091173,186.2491404223981,166.00151448482848
2023-11-03,174.24000549316406,176.82000732421875,173.35000610351562,176.64999389648438,176.1927490234375,79763700,82.53137925091912,72.03991843442135,-0.7713947685378741,-1.2495920902761044,176.13071350097655,175.6673493072853,186.25437463156658,166.00705237038653
2023-11-06,176.3800048828125,179.42999267578125,176.2100067138672,179.22999572753906,178.7660675048828,63841300,95.17496049458013,87.6728832880292,-0.2763346096991768,-1.0549405941607188,176.1430813598633,175.7888676679754,186.27830430387635,166.00785841585022
2023-11-07,179.17999267578125,182.44000244140625,178.97000122070312,181.82000732421875,181.349365234375,70530000,93.49650012419941,90.40094662323287,0.32075718102794326,-0.7798010391229865,176.17559692382812,176.0069263960695,186.36797552233966,165.98321832531659
2023-11-08,182.35000610351562,183.4499969482422,181.58999633789062,182.88999938964844,182.41659545898438,49340300,94.1878427434927,94.28643445409072,0.8700439616972062,-0.44983203895894797,176.15106048583985,176.2582859671642,186.27574336684793,166.02637760483177
2023-11-09,182.9600067138672,184.1199951171875,181.80999755859375,182.41000366210938,181.93783569335938,53763500,88.17257569229014,91.95230618666073,1.2522901594173277,-0.10940759928369284,176.0465316772461,176.48101340740715,185.80854584375163,166.28451751074056
2023-11-10,183.97000122070312,186.57000732421875,183.52999877929688,186.39999389648438,186.16244506835938,66133400,98.04994221374999,93.47012021651092,1.874505561797264,0.2873750329324985,176.02210632324218,176.86067739411115,185.67382701549263,166.37038563099173
2023-11-13,185.82000732421875,186.02999877929688,184.2100067138672,184.8000030517578,184.5644989013672,43627500,90.40427012279304,92.20892934294437,2.2131628858186616,0.6725326035097311,175.9340042114258,177.16278804145452,185.1750136931385,166.69299472971306
2023-11-14,187.6999969482422,188.11000061035156,186.3000030517578,187.44000244140625,187.2011260986328,60108400,95.9497575185567,94.80132328503322,2.6636007037276386,1.0707462235533127,175.8938473510742,177.5564483574223,184.9142181868367,166.87347651531172
2023-11-15,187.85000610351562,189.5,187.77999877929688,188.00999450683594,187.7703857421875,53790500,92.37047023593577,92.90816595909514,3.0315644277435467,1.4629098643913596,176.0005239868164,177.95699492153076,185.45254250311967,166.54850547051313
2023-11-16,189.57000732421875,190.9600067138672,188.64999389648438,189.7100067138672,189.46824645996094,54412900,93.53096520058415,93.95039765169219,3.420749232561377,1.8544777380253632,176.247880859375,178.40841655048882,186.43604348204448,166.0597182367055
2023-11-17,190.25,190.3800048828125,188.57000732421875,189.69000244140625,189.44825744628906,50922700,93.44428262226049,93.11523935292678,3.685088640002533,2.220599918420797,176.4824703979492,178.84135148757903,187.32783370541725,165.63710709048118
2023-11-20,189.88999938964844,191.91000366210938,189.8800048828125,191.4499969482422,191.2060089111328,46505100,96.76918552131258,94.58147778138571,3.9904163422872614,2.5745632031940904,176.72867584228516,179.3262400139929,188.33021063047843,165.12714105409188
2023-11-21,191.41000366210938,191.52000427246094,189.74000549316406,190.63999938964844,190.3970489501953,38134500,91.84830328162664,94.02059047506656,4.119625954403773,2.883575753436027,177.01974365234375,179.76038938404005,189.24418006866807,164.79530723601943
2023-11-22,191.49000549316406,192.92999267578125,190.8300018310547,191.30999755859375,191.06619262695312,39617700,90.48109638916641,93.03286173070187,4.227290234926983,3.152318649734218,177.36588623046876,180.20375421709548,190.17940371260192,164.5523687483356
2023-11-24,190.8699951171875,190.89999389648438,189.25,189.97000122070312,189.7279052734375,24048300,80.84874347599522,87.72604771559607,4.156710378248164,3.3531969954370076,177.65474182128906,180.57725033695203,190.92000840152076,164.38947524105737
2023-11-27,189.9199981689453,190.6699981689453,188.89999389648438,189.7899932861328,189.54812622070312,40552600,75.77458076560694,82.36814021025617,4.039701501962611,3.4904978967421285,177.95456481933593,180.92904939121678,191.6060912901614,164.30303834851046
2023-11-28,189.77999877929688,191.0800018310547,189.39999389648438,190.39999389648438,190.1573486328125,38415400,75.54986826843636,77.39106417001283,3.9505903354460656,3.582516384482916,178.20752502441405,181.2909434791225,192.28738879490885,164.12766125391926
2023-11-29,190.89999389648438,192.08999633789062,188.97000122070312,189.3699951171875,189.128662109375,43014200,65.81535759372083,72.37993554258803,3.7536924585511997,3.616751599296573,178.41796844482423,181.59830499403435,192.8327260362663,164.00321085338214
2023-11-30,189.83999633789062,190.32000732421875,188.19000244140625,189.9499969482422,189.70791625976562,48794400,65.7225690622981,69.02926497481842,3.6028589264447817,3.613973064726215,178.71141174316406,181.9163289652395,193.4391094498721,163.98371403645604
2023-12-01,190.3300018310547,191.55999755859375,189.22999572753906,191.24000549316406,190.9962921142578,45679300,77.82449914519147,69.78747526707012,3.54640270676029,3.60045899313303,179.0617416381836,182.27240595147552,194.11131732346848,164.01216595289873
2023-12-04,189.97999572753906,190.0500030517578,187.4499969482422,189.42999267578125,189.18858337402344,43389500,43.56839883729226,62.371822348260594,3.3175510943191284,3.54387741337025,179.35876220703125,182.543628595497,194.612595701387,164.1049287126755
2023-12-05,190.2100067138672,194.39999389648438,190.17999267578125,193.4199981689453,193.1735076904297,66628400,82.35270871068666,67.91520223105677,3.4183302483384637,3.518767980363893,179.70974792480467,182.96048659921988,195.41380679538148,164.00568905422787
2023-12-06,194.4499969482422,194.75999450683594,192.11000061035156,192.32000732421875,192.07492065429688,41089700,63.26847128173871,63.06319294323919,3.3706963718434224,3.489153658659799,180.12094848632813,183.31791538569348,196.02461638252,164.21728059013626
2023-12-07,193.6300048828125,195.0,193.58999633789062,194.27000427246094,194.02243041992188,47477700,87.05206377564942,77.55774792269158,3.450320793250796,3.4813870855779987,180.60162048339845,183.73770028899656,196.70686263095467,164.49637833584222
2023-12-08,194.1999969482422,195.99000549316406,193.6699981689453,195.7100067138672,195.46058654785156,53377300,93.80072112893485,81.37375206210764,3.588109409478875,3.502731550358174,181.10586853027343,184.1974213187556,197.46478303647828,164.74695402406857
2023-12-11,193.11000061035156,193.49000549316406,191.4199981689453,193.17999267578125,192.93380737304688,60943700,64.21317257423019,81.68865249293815,3.453606887912713,3.4929066178690817,181.54920806884766,184.5400246934337,197.9658483530698,165.13256778462554
2023-12-12,193.0800018310547,194.72000122070312,191.72000122070312,194.7100067138672,194.4618682861328,52696900,82.10613960169954,80.04001110162152,3.4307666730524886,3.480478628905763,181.97244018554687,184.92911659902975,198.61069185259737,165.33418851849638
2023-12-13,195.08999633789062,198.0,194.85000610351562,197.9600067138672,197.7077178955078,70404200,97.22955431331853,81.18295549641606,3.6327030356841874,3.510923510261448,182.48751953125,185.43023821849948,199.45121272813086,165.52382633436915
2023-12-14,198.02000427246094,199.6199951171875,196.16000366210938,198.11000061035156,197.85752868652344,66831600,85.5179400506286,88.28454465521554,3.761467678787966,3.561032343966752,182.98046020507812,185.91758294273572,200.27306529216023,165.687855117996
2023-12-15,197.52999877929688,198.39999389648438,197.0,197.57000732421875,197.31822204589844,128256700,81.08649615771849,87.94466350722185,3.7764643175368917,3.6041187386807803,183.43767944335937,186.36466682913425,201.01698740858876,165.85837147812998
2023-12-18,196.08999633789062,196.6300048828125,194.38999938964844,195.88999938964844,195.64035034179688,55751900,67.29954499462745,77.96799373432482,3.6113298750040315,3.605560965945431,183.8098745727539,186.72841912374847,201.62197962978018,165.9977695157276
2023-12-19,196.16000366210938,196.9499969482422,195.88999938964844,196.94000244140625,196.68902587890625,40714100,75.91643648919911,74.76749254718167,3.5244513104527755,3.5893390348469,184.17312103271485,187.1190311533625,202.2837426677668,166.0624993976629
2023-12-20,196.89999389648438,197.67999267578125,194.8300018310547,194.8300018310547,194.5817108154297,52242800,58.600780116678976,67.27225386683516,3.2481144663765917,3.5210941211528386,184.50619018554687,187.41168525775728,202.760018768602,166.25236160249173
2023-12-21,196.10000610351562,197.0800018310547,193.5,194.67999267578125,194.431884765625,46482500,57.36967023708175,63.96229561431992,2.982643755889427,3.4134040481001566,184.80813598632812,187.6869871992423,203.21164742973846,166.4046245429178
2023-12-22,195.17999267578125,195.41000366210938,192.97000122070312,193.60000610351562,193.35328674316406,37122800,33.6153945624414,49.86194830540069,2.6546216332785093,3.2616475651358274,185.0703567504883,187.90919502449415,203.58163824510214,166.55907525587443
2023-12-26,193.61000061035156,193.88999938964844,192.8300018310547,193.0500030517578,192.80398559570312,28919300,16.87790172964021,35.95432217638777,2.323553250429427,3.0740287021945476,185.35869537353517,188.1011475959141,203.89418350609935,166.823207240971
2023-12-27,192.49000549316406,193.5,191.08999633789062,193.14999389648438,192.90383911132812,48087700,21.264279402241772,23.919191898107773,2.0456554730855316,2.8683540563727448,185.6516241455078,188.28948843965586,204.19197917343217,167.11126911758345
2023-12-28,194.13999938964844,194.66000366210938,193.1699981689453,193.5800018310547,193.3332977294922,34049900,26.29896497812251,21.480382036668146,1.8388757883182336,2.6624584027618425,185.98446105957032,188.48728488239453,204.46568765097817,167.50323446816247
2023-12-29,193.89999389648438,194.39999389648438,191.72999572753906,192.52999877929688,192.28463745117188,42628800,14.005173320549103,20.52280590030444,1.5722592519728096,2.444418572604036,186.32245697021483,188.6362006694054,204.62977903569885,168.01513490473081
2024-01-02,187.14999389648438,188.44000244140625,183.88999938964844,185.63999938964844,185.40341186523438,82488700,9.621188090574954,16.64177546308217,0.7965244915478991,2.1148397563928087,186.5304083251953,188.5094246378693,204.54696020243674,168.51385644795388
2024-01-03,184.22000122070312,185.8800048828125,183.42999267578125,184.25,184.01519775390625,58414500,3.614607720060168,9.080323043728056,0.0689371633421274,1.7056592377826725,186.7620620727539,188.33318044634134,204.33104011006182,169.193084035446
2024-01-04,182.14999389648438,183.08999633789062,180.8800048828125,181.91000366210938,181.6781768798828,71983600,4.259191104626168,5.831662305087078,-0.6883245129616284,1.2268624876338123,186.9445816040039,188.07219991432336,204.0956633624901,169.79349984551772
2024-01-05,181.99000549316406,182.75999450683594,180.1699981689453,181.17999267578125,180.9490966796875,62303300,4.27371746206855,4.049172095584943,-1.3319367879962556,0.7151026325077988,187.10374237060546,187.79286253257294,203.8696786530787,170.33780608813223
2024-01-08,182.08999633789062,185.60000610351562,181.5,185.55999755859375,185.32351684570312,59144500,29.43186918046073,12.654925915718465,-1.4720560581788504,0.277670894370469,187.39707000732423,187.69602544681334,203.48816233870156,171.3059776759469
2024-01-09,183.9199981689453,185.14999389648438,182.72999572753906,185.13999938964844,184.904052734375,42841800,27.036299546419063,20.247295396316094,-1.5985220701010405,-0.0975676985238329,187.76599060058595,187.58653632083536,202.70197965437953,172.83000154679237
2024-01-10,184.35000610351562,186.39999389648438,183.9199981689453,186.19000244140625,185.9527130126953,46792900,33.02522363152322,29.83113078613432,-1.5957345407712182,-0.39720106697331,188.12935333251954,187.52246481855536,201.92141141244883,174.33729525259025
2024-01-11,186.5399932861328,187.0500030517578,183.6199951171875,185.58999633789062,185.35348510742188,49128400,30.653375611569604,30.23829959650394,-1.6231672262950667,-0.6423942988376614,188.43943908691406,187.43740679066778,201.21358163576144,175.66529653806668
2024-01-12,186.05999755859375,186.74000549316406,185.19000244140625,185.9199981689453,185.6830596923828,40444700,36.17493134048013,33.284510194524294,-1.5998715887878632,-0.8338897568277018,188.74654083251954,187.36860886524485,200.43569897650568,177.0573826885334
2024-01-16,182.16000366210938,184.25999450683594,180.92999267578125,183.6300048828125,183.39598083496094,65603000,22.26350202239429,29.697269658147988,-1.7458329031416326,-1.016278386090488,188.94406677246093,187.21281953072392,199.89336221308844,177.99477133183342
2024-01-17,181.27000427246094,182.92999267578125,180.3000030517578,182.67999267578125,182.4471893310547,47317400,15.715599025712471,24.718010796195614,-1.9159815981390693,-1.1962190285002043,189.05080291748047,187.02593207191336,199.62694205436097,178.47466378059997
2024-01-18,186.08999633789062,189.13999938964844,185.8300018310547,188.6300048828125,188.38961791992188,78005800,56.72613274614924,31.568411264751983,-1.5534145447016101,-1.2676581317404856,189.29474029541015,187.07940994830585,199.20187090293726,179.38760968788304
2024-01-19,189.3300018310547,191.9499969482422,188.82000732421875,191.55999755859375,191.3158721923828,68741000,78.32661538939948,50.25611572042038,-1.0182159193369102,-1.2177696892597707,189.54573638916017,187.2455457225834,198.98916504346653,180.1023077348538
2024-01-22,192.3000030517578,195.3300018310547,192.25999450683594,193.88999938964844,193.6428985595703,60133900,88.87135314022984,74.64136709192617,-0.4016654237987609,-1.0545488361675688,189.79160705566406,187.496422304426,199.00126632249476,180.58194778883336
2024-01-23,195.02000427246094,195.75,193.8300018310547,195.17999267578125,194.93125915527344,42355600,94.74492459240528,87.31429770734485,0.18873954670797843,-0.8058911595924594,190.04190032958985,187.787984533871,199.11264825992225,180.97115239925745
2024-01-24,195.4199981689453,196.3800048828125,194.33999633789062,194.5,194.2521209716797,53631300,86.8730226415485,90.16310012472786,0.5949804001606935,-0.5257168476418288,190.28818603515626,188.04148008045175,199.1265462809883,181.44982578932422
2024-01-25,195.22000122070312,196.27000427246094,193.11000061035156,194.1699981689453,193.92254638671875,54822100,84.83986749992233,88.81927157795867,0.8801890175964502,-0.24453567459417302,190.44338806152345,188.27211013167792,199.25854637985128,181.62822974319562
2024-01-26,194.27000427246094,194.75999450683594,191.94000244140625,192.4199981689453,192.17477416992188,44594000,73.84807068386506,81.85365360844528,0.9541889938190309,-0.004790740911532243,190.59559356689454,188.4251557802365,199.25791630991094,181.93327082387813
2024-01-29,192.00999450683594,192.1999969482422,189.5800018310547,191.72999572753906,191.48565673828125,47145600,69.56251500494866,76.08348439624534,0.9463199037905383,0.1854313880288819,190.6812841796875,188.54517542565003,199.29115815765132,182.0714102017237
2024-01-30,190.94000244140625,191.8000030517578,187.47000122070312,188.0399932861328,187.80035400390625,55859400,46.64396827159123,63.35151798680164,0.6353861261965221,0.27542233566241,190.68188354492187,188.5159667424444,199.29093456033573,182.07283252950802
2024-01-31,187.0399932861328,187.10000610351562,184.35000610351562,184.39999389648438,184.1649932861328,55467800,24.036006183225016,46.74749648658828,0.09453588847347305,0.23924504622462262,190.5758184814453,188.34534033239296,199.374484921519,181.7771520413716
2024-02-01,183.99000549316406,186.9499969482422,183.82000732421875,186.86000061035156,186.6218719482422,64885400,39.31510060076731,36.665025018527835,-0.13429418670793325,0.16453719963811145,190.51929077148438,188.2777533369361,199.3835967986964,181.65498474427235
2024-02-02,179.86000061035156,187.3300018310547,179.25,185.85000610351562,185.6131591796875,102518000,37.14627767603275,33.49912815334167,-0.39251370650163153,0.05312701841016286,190.40743377685547,188.17325944841653,199.3768966301793,181.43797092353165
2024-02-05,188.14999389648438,189.25,185.83999633789062,187.67999267578125,187.44081115722656,69668800,47.81557981600382,41.42565269760127,-0.44455375706050404,-0.046409136683970516,190.34830902099608,188.14453598601693,199.35693952046287,181.3396785215293
2024-02-06,186.86000061035156,189.30999755859375,186.77000427246094,189.3000030517578,189.0587615966797,43490800,57.26070519992304,47.40752089731985,-0.3511924652393077,-0.10736580239503796,190.30816040039062,188.18038797074882,199.3216238796717,181.29469692110953
2024-02-07,190.63999938964844,191.0500030517578,188.61000061035156,189.41000366210938,189.1686248779297,53439000,57.902055170349676,54.326113395425494,-0.26527993821142104,-0.13894862955831458,190.29697479248046,188.21914235926573,199.31476449852295,181.27918508643796
2024-02-08,189.38999938964844,189.5399932861328,187.35000610351562,188.32000732421875,188.08001708984375,40962000,51.5470786508847,55.56994634038579,-0.28178692790055493,-0.16751628922676265,190.26761260986328,188.21368646634724,199.30489379469458,181.23033142503198
2024-02-09,188.64999389648438,189.99000549316406,188.0,188.85000610351562,188.85000610351562,45155200,56.042051179727636,55.163728333653985,-0.2300848825162518,-0.1800300078846605,190.24146575927733,188.23864017760874,199.28760957427713,181.19532194427754
2024-02-12,188.4199981689453,188.6699981689453,186.7899932861328,187.14999389648438,187.14999389648438,41781900,46.117872998453635,51.23566760968864,-0.3225690414510609,-0.2085378145979406,190.20189239501954,188.19594816658426,199.2851416486669,181.1186431413722
2024-02-13,185.77000427246094,186.2100067138672,183.50999450683594,185.0399932861328,185.0399932861328,56529500,34.018753423589075,45.39289253392343,-0.5596712768673342,-0.2787645070518193,190.1085339355469,188.07218523009598,199.30772093683845,180.90934693425532
2024-02-14,185.32000732421875,185.52999877929688,182.44000244140625,184.14999389648438,184.14999389648438,54630500,31.592492791178824,37.243039737740496,-0.8100542185829056,-0.3850224493580366,189.97160797119142,187.91837380524848,199.31946773722046,180.62374820516237
2024-02-15,183.5500030517578,184.49000549316406,181.35000610351562,183.86000061035156,183.86000061035156,65434500,35.59846870062249,33.736571638463445,-1.0201251704608865,-0.5120429935786066,189.86503631591796,187.75922191525254,199.36951924592563,180.3605533859103
2024-02-16,183.4199981689453,184.85000610351562,181.6699981689453,182.30999755859375,182.30999755859375,49701400,24.382444737056478,30.52446874295258,-1.2967322830928367,-0.6689808514814527,189.64776611328125,187.5455268424424,199.33840312140495,179.95712910515755
2024-02-20,181.7899932861328,182.42999267578125,180.0,181.55999755859375,181.55999755859375,53665600,19.576245433679244,26.51905295711939,-1.55849874133051,-0.8468844294512642,189.4374676513672,187.3108002038601,199.36655543961905,179.50837986311535
2024-02-21,181.94000244140625,182.88999938964844,180.66000366210938,182.32000732421875,182.32000732421875,41529700,26.017004493582906,23.32523155477286,-1.6851981932180706,-1.0145471822046255,189.20341918945311,187.11508283603104,199.24246756923344,179.1643708096728
2024-02-22,183.47999572753906,184.9600067138672,182.4600067138672,184.3699951171875,184.3699951171875,52292200,43.38977790708952,29.66100927811721,-1.6017278179846812,-1.1319833093606366,188.98160736083983,187.00743233725285,198.94617869150292,179.01703603017674
2024-02-23,185.00999450683594,185.0399932861328,182.22999572753906,182.52000427246094,182.52000427246094,45119700,22.805462230710067,30.73741487712748,-1.6656551091277834,-1.238717669314066,188.7733312988281,186.83145476608453,198.83558177024744,178.71108082740878
2024-02-26,182.24000549316406,182.75999450683594,180.64999389648438,181.16000366210938,181.16000366210938,40867400,10.497767798578517,25.564335978792688,-1.8052488462151928,-1.3520239046942915,188.50729400634765,186.6090449188698,198.65865200670913,178.35593600598617
2024-02-27,181.10000610351562,183.9199981689453,179.55999755859375,182.6300048828125,182.6300048828125,54318900,26.718936958256805,20.007388995848448,-1.7767794676809956,-1.4369750172916322,188.20573974609374,186.4530041331421,198.1349229849555,178.276556507232
2024-02-28,182.50999450683594,183.1199951171875,180.1300048828125,181.4199981689453,181.4199981689453,48953900,17.83316582326444,18.34995686003324,-1.8307509520703036,-1.5157302042473666,187.87698913574218,186.25563135023242,197.58789921415232,178.16607905733204
2024-02-29,181.27000427246094,182.57000732421875,179.52999877929688,180.75,180.75,136682600,11.663484107383294,18.738528962968164,-1.905620191754764,-1.5937082017488462,187.54562469482423,186.0397242384586,197.07051674045502,178.02073264919343
2024-03-01,179.5500030517578,180.52999877929688,177.3800048828125,179.66000366210938,179.66000366210938,73488000,20.1948639074687,16.5638379460388,-2.029513233370551,-1.6808692080731873,187.22601776123048,185.78953911781747,196.71463487327716,177.7374006491838
2024-03-04,176.14999389648438,176.89999389648438,173.7899932861328,175.10000610351562,175.10000610351562,81510100,10.547595821897444,14.135314612249799,-2.467212564286484,-1.8381378793158467,186.79423736572267,185.3703417447076,196.4878483087399,177.10062642270543
2024-03-05,170.75999450683594,172.0399932861328,169.6199951171875,170.1199951171875,170.1199951171875,95132400,3.142676837911609,11.295045522425903,-3.179288841670882,-2.106368071786854,186.3050030517578,184.77228893578524,196.82806903544454,175.78193706807107
2024-03-06,171.05999755859375,171.24000549316406,168.67999267578125,169.1199951171875,169.1199951171875,68587700,2.689501375249611,5.459924678352873,-3.7807242288903353,-2.4412393032075506,185.79876525878908,184.15847349191867,197.13037968690654,174.4671508306716
2024-03-07,169.14999389648438,170.72999572753906,168.49000549316406,169.0,169.0,71765100,3.081540078552857,2.9712394305713445,-4.218421373765096,-2.7966757173190597,185.31169952392577,183.5640235510591,197.38708607983827,173.23631296801327
2024-03-08,169.0,173.6999969482422,168.94000244140625,170.72999572753906,170.72999572753906,76114600,13.534694178606333,6.435245210802919,-4.375267952039735,-3.112394164263195,184.8702197265625,183.06072834229363,197.43183856239617,172.30860089072885
2024-03-11,172.94000244140625,174.3800048828125,172.0500030517578,172.75,172.75,60139500,25.74016706311888,14.118800440092675,-4.287152902434201,-3.3473459118973965,184.46714294433593,182.65638605436055,197.26770709468366,171.6665787939882
2024-03-12,173.14999389648438,174.02999877929688,171.00999450683594,173.22999572753906,173.22999572753906,59825400,28.640445501650348,22.63843558112517,-4.130970194108414,-3.5040707683396004,184.0650769042969,182.28672368860285,196.9912371950668,171.138916613527
2024-03-13,172.77000427246094,173.19000244140625,170.75999450683594,171.1300048828125,171.1300048828125,52488700,15.95166970920691,23.444094091325365,-4.1290488781150145,-3.6290663902946836,183.6419842529297,181.84920530406205,196.85176228364054,170.43220622221884
2024-03-14,172.91000366210938,174.30999755859375,172.0500030517578,173.0,173.0,72913500,29.228753386997887,24.606956199285037,-3.9313154858304244,-3.689516209401832,183.393916015625,181.50217764507923,196.9304898909051,169.85734214034488
2024-03-15,171.1699981689453,172.6199951171875,170.2899932861328,172.6199951171875,172.6199951171875,121664700,26.76598564110678,23.982136245770516,-3.761908625138574,-3.703994692549181,183.16601196289062,181.1538567616325,197.0394046827583,169.29261924302295
2024-03-18,175.57000732421875,177.7100067138672,173.52000427246094,173.72000122070312,173.72000122070312,75604200,35.74845821456397,30.5810657475562,-3.4985619240295875,-3.6629081388452627,183.00684844970704,180.8623330149294,197.1302604142341,168.88343648517997
2024-03-19,174.33999633789062,176.61000061035156,173.02999877929688,176.0800018310547,176.0800018310547,55215200,53.906216980385736,38.80688694535215,-3.0641043525454563,-3.5431473815853014,182.9094665527344,180.67479061556176,197.15738678092924,168.66154632453953
2024-03-20,175.72000122070312,178.6699981689453,175.08999633789062,178.6699981689453,178.6699981689453,53423100,84.55148133268614,58.06871884254527,-2.4821894037441723,-3.3309557860170758,182.77639617919922,180.59617130392974,197.0565369342359,168.49625542416254
2024-03-21,177.0500030517578,177.49000549316406,170.83999633789062,171.3699951171875,171.3699951171875,106181300,28.290684637476094,55.58279431684931,-2.580322500364929,-3.1808291288866464,182.50571502685546,180.23436047307712,197.13017118142903,167.88125887228188
2024-03-22,171.75999450683594,173.0500030517578,170.05999755859375,172.27999877929688,172.27999877929688,71106600,37.22982330969069,50.02399642661762,-2.5552091357785685,-3.055705130265031,182.2322607421875,179.92242472037987,197.10288624165094,167.36163524272405
2024-03-25,170.57000732421875,171.94000244140625,169.4499969482422,170.85000610351562,170.85000610351562,54288300,23.18273387333697,29.567747273501237,-2.620487720158934,-2.9686616482438115,181.94219116210937,179.5666435981499,197.1268143447548,166.75756797946394
2024-03-26,170.0,171.4199981689453,169.5800018310547,169.7100067138672,169.7100067138672,57388400,11.984303521215429,24.132286901414346,-2.7327089245296463,-2.921471103500979,181.62273010253907,179.18010881837412,197.15425443808127,166.09120576699686
2024-03-27,170.41000366210938,173.60000610351562,170.11000061035156,173.30999755859375,173.30999755859375,60273300,44.912610853661405,26.693216082737923,-2.502310781656405,-2.837639039132064,181.42101043701172,178.9499083768141,197.11962236911754,165.7223985049059
2024-03-28,171.75,172.22999572753906,170.50999450683594,171.47999572753906,171.47999572753906,65672700,22.017337424409426,26.304750599762073,-2.43926610602324,-2.7579644525102993,181.2016665649414,178.65697062586216,197.14629971463071,165.2570334152521
2024-04-01,171.19000244140625,171.25,169.47999572753906,170.02999877929688,170.02999877929688,46240500,6.290691477917789,24.406879918662863,-2.47774349726987,-2.7019202614622135,180.8344741821289,178.31865800442824,196.94818174784427,164.72076661641353
2024-04-02,169.0800018310547,169.33999633789062,168.22999572753906,168.83999633789062,168.83999633789062,49329500,5.8429163573011245,11.383648419876097,-2.574582178076497,-2.6764526447850705,180.38495666503906,177.9469457822111,196.5591014284421,164.21081190163602
2024-04-03,168.7899932861328,170.67999267578125,168.5800018310547,169.64999389648438,169.64999389648438,47691700,13.6015118474823,8.578373227567058,-2.5564977816915757,-2.6524616721663716,179.90509857177733,177.62157512002574,195.89639584405575,163.9138012994989
2024-04-04,170.2899932861328,171.9199981689453,168.82000732421875,168.82000732421875,168.82000732421875,53704400,5.651450753877544,8.36529298622031,-2.5794049722636885,-2.637850332185835,179.38287353515625,177.27641559862155,195.07388813576966,163.69185893454284
2024-04-05,169.58999633789062,170.38999938964844,168.9499969482422,169.5800018310547,169.5800018310547,42055200,12.931089921601412,10.728017507653737,-2.507330930459915,-2.6117464518406512,178.88943115234375,176.97459545087384,194.2194730475162,163.5593892571713
2024-04-08,169.02999877929688,169.1999969482422,168.24000549316406,168.4499969482422,168.4499969482422,37425500,2.1072908932528103,6.896610522910574,-2.51243193188688,-2.591883547849897,178.37998016357423,176.64029747037847,193.35992588041464,163.40003444673383
2024-04-09,168.6999969482422,170.0800018310547,168.35000610351562,169.6699981689453,169.6699981689453,42451200,13.79312360785506,9.610501474236413,-2.390474705348936,-2.551601779349705,177.9298846435547,176.36695239973403,192.56649829056684,163.29327099654253
2024-04-10,168.8000030517578,169.08999633789062,167.11000061035156,167.77999877929688,167.77999877929688,49709300,6.454699940023286,7.451704813710371,-2.418451476832786,-2.5249717188463214,177.455771484375,176.0302091205012,191.8336035850855,163.07793938366447
2024-04-11,168.33999633789062,175.4600067138672,168.16000366210938,175.0399932861328,175.0399932861328,91070300,94.96990274584907,38.40590876457579,-1.833665038255333,-2.3867103827281237,177.20056427001953,175.99137712699658,191.27881278602484,163.1223157540142
2024-04-12,174.25999450683594,178.36000061035156,174.2100067138672,176.5500030517578,176.5500030517578,101593300,83.9111328125,61.77857849945744,-1.2341459379723858,-2.1561974937769763,177.04826446533204,176.01328402600683,190.98302336210847,163.1135055685556
2024-04-15,175.36000061035156,176.6300048828125,172.5,172.69000244140625,172.69000244140625,73531800,49.600016276041664,76.16035061146356,-1.0582931766052468,-1.9366166303426304,176.7696270751953,175.8829592579833,190.47835508712348,163.06089906326713
2024-04-16,171.75,173.75999450683594,168.27000427246094,169.3800048828125,169.3800048828125,73711200,20.177815755208332,51.22965494791666,-1.172501864805355,-1.7837936772351755,176.44496398925781,175.62794143934914,190.06745781375443,162.8224701647612
2024-04-17,169.61000061035156,170.64999389648438,168.0,168.0,168.0,50901200,7.911105685763889,25.89631257233795,-1.3587056212570872,-1.6987760660395579,176.05614776611327,175.32880648094329,189.50631580861256,162.60597972361398
2024-04-18,168.02999877929688,168.63999938964844,166.5500030517578,167.0399932861328,167.0399932861328,43122900,4.148944417168402,10.745955286046865,-1.565689662645923,-1.672158785360831,175.61577239990234,175.0037549831076,188.7668181457729,162.46472665403178
2024-04-19,166.2100067138672,166.39999389648438,164.0800018310547,165.0,165.0,67772100,6.442564759032926,6.1675382873217295,-1.8727485365577934,-1.7122767356002235,175.13239990234376,174.611450866123,188.0243208540533,162.24047895063424
2024-04-22,165.52000427246094,167.25999450683594,164.77000427246094,165.83999633789062,165.83999633789062,48116400,12.324892558027214,7.638800578076172,-2.0249716098301462,-1.7748157104462081,174.68759948730468,174.2674722571727,187.2875201837427,162.08767879086665
